ivanvisl2,RT @captitannadie: No dejes de latir sueÃ±os....#PrayForParÃ¬s 
GP_5280,Emmanuel " #PrayForParis " Macron#frenchelection
JimmyEGD,Chale. Francia perdiÃ³ su oportunidad de recuperar su paÃ­s. Esperen muchos mÃ¡s #PrayForParis en los prÃ³ximos aÃ±os.
Vaccarini_Azul,"@Filosofo_Cabron: #PrayForParis  que bonito es #France ğŸ˜ğŸ˜ğŸ˜â¤ğŸ’“ğŸ—¼
quimeraeffect,Â¿Recuerdan lo que pasÃ³ con el monumento al #5DeMayo allÃ¡ en 2015 con el #PrayForParis? #ironic 
MEC0NI0,RT @Carlos_Latre: Toda mi solidaridad con el pueblo francÃ©s #TodosSomosParisinos #PrayForParis 
richymerlos7,|@MeyerAna @Hijuepoeta1 TambiÃ©n hubo un #PrayForParis, todo por llamar la atenciÃ³n Â¿?.|
CamilaPonte10,RT @kndmolfese: Recemos por las vÃ­ctimas y sus familias #PrayForParis 
MeVega25,Ustedes vieron la protesta de Paris? Pues adivinen que? Tampoco estan tirando flores! Pero olvidate #PrayforParis #PrayForVenezuela y PR qsj
JonaElooy,Pa cuando el #PrayForParis ? 
khamsarbekppkh,RT @IiroJurvaineeh: Cama BarcağŸ’™â¤ #FCBPSG   #prayforparis
